capture_id,pcap_file,pcap_path,status,packet_count,flow_count,tshark_packet_count,validation_status,validation_errors,error_message
exp_001_voip_tunnel_aes_gcm_16_256_1789042363,exp_001_voip_tunnel_aes_gcm_16_256_1789042363.pcapng,raw_pcapng/exp_001_voip_tunnel_aes_gcm_16_256_1789042363.pcapng,SUCCESS,328,2,328,PASSED,,
exp_002_voip_transport_aes_gcm_16_128_1789042405,exp_002_voip_transport_aes_gcm_16_128_1789042405.pcapng,raw_pcapng/exp_002_voip_transport_aes_gcm_16_128_1789042405.pcapng,SUCCESS,414,3,414,PASSED,,
exp_003_voip_tunnel_aes_cbc_256_1789042449,exp_003_voip_tunnel_aes_cbc_256_1789042449.pcapng,raw_pcapng/exp_003_voip_tunnel_aes_cbc_256_1789042449.pcapng,SUCCESS,419,4,419,PASSED,,
exp_004_voip_transport_aes_cbc_128_1789042493,exp_004_voip_transport_aes_cbc_128_1789042493.pcapng,raw_pcapng/exp_004_voip_transport_aes_cbc_128_1789042493.pcapng,SUCCESS,322,3,322,PASSED,,
exp_005_voip_tunnel_3des_cbc_1789042535,exp_005_voip_tunnel_3des_cbc_1789042535.pcapng,raw_pcapng/exp_005_voip_tunnel_3des_cbc_1789042535.pcapng,SUCCESS,369,3,369,PASSED,,
exp_006_voip_transport_3des_cbc_1789042578,exp_006_voip_transport_3des_cbc_1789042578.pcapng,raw_pcapng/exp_006_voip_transport_3des_cbc_1789042578.pcapng,SUCCESS,302,1,302,PASSED,,
exp_007_voip_tunnel_aes_gcm_16_256_1789042620,exp_007_voip_tunnel_aes_gcm_16_256_1789042620.pcapng,raw_pcapng/exp_007_voip_tunnel_aes_gcm_16_256_1789042620.pcapng,SUCCESS,319,4,319,PASSED,,
exp_008_voip_transport_aes_gcm_16_128_1789042662,exp_008_voip_transport_aes_gcm_16_128_1789042662.pcapng,raw_pcapng/exp_008_voip_transport_aes_gcm_16_128_1789042662.pcapng,SUCCESS,353,3,353,PASSED,,
exp_009_voip_tunnel_aes_cbc_256_1789042705,exp_009_voip_tunnel_aes_cbc_256_1789042705.pcapng,raw_pcapng/exp_009_voip_tunnel_aes_cbc_256_1789042705.pcapng,SUCCESS,322,3,322,PASSED,,
exp_010_voip_transport_aes_cbc_128_1789042747,exp_010_voip_transport_aes_cbc_128_1789042747.pcapng,raw_pcapng/exp_010_voip_transport_aes_cbc_128_1789042747.pcapng,SUCCESS,323,3,323,PASSED,,
exp_011_voip_tunnel_3des_cbc_1789042789,exp_011_voip_tunnel_3des_cbc_1789042789.pcapng,raw_pcapng/exp_011_voip_tunnel_3des_cbc_1789042789.pcapng,SUCCESS,370,2,370,PASSED,,
exp_012_voip_transport_3des_cbc_1789042832,exp_012_voip_transport_3des_cbc_1789042832.pcapng,raw_pcapng/exp_012_voip_transport_3des_cbc_1789042832.pcapng,SUCCESS,363,2,363,PASSED,,
exp_013_voip_tunnel_aes_gcm_16_256_1789042875,exp_013_voip_tunnel_aes_gcm_16_256_1789042875.pcapng,raw_pcapng/exp_013_voip_tunnel_aes_gcm_16_256_1789042875.pcapng,SUCCESS,380,3,380,PASSED,,
exp_014_voip_transport_aes_gcm_16_128_1789042918,exp_014_voip_transport_aes_gcm_16_128_1789042918.pcapng,raw_pcapng/exp_014_voip_transport_aes_gcm_16_128_1789042918.pcapng,SUCCESS,307,3,307,PASSED,,
exp_015_voip_tunnel_aes_cbc_256_1789042961,exp_015_voip_tunnel_aes_cbc_256_1789042961.pcapng,raw_pcapng/exp_015_voip_tunnel_aes_cbc_256_1789042961.pcapng,SUCCESS,412,4,412,PASSED,,
exp_016_video_tunnel_aes_gcm_16_256_1789043005,exp_016_video_tunnel_aes_gcm_16_256_1789043005.pcapng,raw_pcapng/exp_016_video_tunnel_aes_gcm_16_256_1789043005.pcapng,SUCCESS,715,2,715,PASSED,,
exp_017_video_transport_aes_gcm_16_128_1789043048,exp_017_video_transport_aes_gcm_16_128_1789043048.pcapng,raw_pcapng/exp_017_video_transport_aes_gcm_16_128_1789043048.pcapng,SUCCESS,717,3,717,PASSED,,
exp_018_video_tunnel_aes_cbc_256_1789043091,exp_018_video_tunnel_aes_cbc_256_1789043091.pcapng,raw_pcapng/exp_018_video_tunnel_aes_cbc_256_1789043091.pcapng,SUCCESS,639,4,639,PASSED,,
exp_019_video_transport_aes_cbc_128_1789043137,exp_019_video_transport_aes_cbc_128_1789043137.pcapng,raw_pcapng/exp_019_video_transport_aes_cbc_128_1789043137.pcapng,SUCCESS,751,3,751,PASSED,,
exp_020_video_tunnel_3des_cbc_1789043180,exp_020_video_tunnel_3des_cbc_1789043180.pcapng,raw_pcapng/exp_020_video_tunnel_3des_cbc_1789043180.pcapng,SUCCESS,812,3,812,PASSED,,
exp_021_video_transport_3des_cbc_1789043225,exp_021_video_transport_3des_cbc_1789043225.pcapng,raw_pcapng/exp_021_video_transport_3des_cbc_1789043225.pcapng,SUCCESS,607,1,607,PASSED,,
exp_022_video_tunnel_aes_gcm_16_256_1789043267,exp_022_video_tunnel_aes_gcm_16_256_1789043267.pcapng,raw_pcapng/exp_022_video_tunnel_aes_gcm_16_256_1789043267.pcapng,SUCCESS,762,4,762,PASSED,,
exp_023_video_transport_aes_gcm_16_128_1789043310,exp_023_video_transport_aes_gcm_16_128_1789043310.pcapng,raw_pcapng/exp_023_video_transport_aes_gcm_16_128_1789043310.pcapng,SUCCESS,613,3,613,PASSED,,
exp_024_video_tunnel_aes_cbc_256_1789043352,exp_024_video_tunnel_aes_cbc_256_1789043352.pcapng,raw_pcapng/exp_024_video_tunnel_aes_cbc_256_1789043352.pcapng,SUCCESS,707,3,707,PASSED,,
exp_025_video_transport_aes_cbc_128_1789043396,exp_025_video_transport_aes_cbc_128_1789043396.pcapng,raw_pcapng/exp_025_video_transport_aes_cbc_128_1789043396.pcapng,SUCCESS,588,3,588,PASSED,,
exp_026_video_tunnel_3des_cbc_1789043438,exp_026_video_tunnel_3des_cbc_1789043438.pcapng,raw_pcapng/exp_026_video_tunnel_3des_cbc_1789043438.pcapng,SUCCESS,688,2,688,PASSED,,
exp_027_video_transport_3des_cbc_1789043482,exp_027_video_transport_3des_cbc_1789043482.pcapng,raw_pcapng/exp_027_video_transport_3des_cbc_1789043482.pcapng,SUCCESS,600,2,600,PASSED,,
exp_028_video_tunnel_aes_gcm_16_256_1789043525,exp_028_video_tunnel_aes_gcm_16_256_1789043525.pcapng,raw_pcapng/exp_028_video_tunnel_aes_gcm_16_256_1789043525.pcapng,SUCCESS,607,3,607,PASSED,,
exp_029_video_transport_aes_gcm_16_128_1789043567,exp_029_video_transport_aes_gcm_16_128_1789043567.pcapng,raw_pcapng/exp_029_video_transport_aes_gcm_16_128_1789043567.pcapng,SUCCESS,595,3,595,PASSED,,
exp_030_video_tunnel_aes_cbc_256_1789043609,exp_030_video_tunnel_aes_cbc_256_1789043609.pcapng,raw_pcapng/exp_030_video_tunnel_aes_cbc_256_1789043609.pcapng,SUCCESS,860,4,860,PASSED,,
exp_031_web_tunnel_aes_gcm_16_256_1789043654,exp_031_web_tunnel_aes_gcm_16_256_1789043654.pcapng,raw_pcapng/exp_031_web_tunnel_aes_gcm_16_256_1789043654.pcapng,SUCCESS,56,7,56,PASSED,,
exp_032_web_transport_aes_gcm_16_128_1789043698,exp_032_web_transport_aes_gcm_16_128_1789043698.pcapng,raw_pcapng/exp_032_web_transport_aes_gcm_16_128_1789043698.pcapng,SUCCESS,20,3,20,PASSED,,
exp_033_web_tunnel_aes_cbc_256_1789043742,exp_033_web_tunnel_aes_cbc_256_1789043742.pcapng,raw_pcapng/exp_033_web_tunnel_aes_cbc_256_1789043742.pcapng,SUCCESS,26,9,26,PASSED,,
exp_034_web_transport_aes_cbc_128_1789043786,exp_034_web_transport_aes_cbc_128_1789043786.pcapng,raw_pcapng/exp_034_web_transport_aes_cbc_128_1789043786.pcapng,SUCCESS,46,3,46,PASSED,,
exp_035_web_tunnel_3des_cbc_1789043830,exp_035_web_tunnel_3des_cbc_1789043830.pcapng,raw_pcapng/exp_035_web_tunnel_3des_cbc_1789043830.pcapng,SUCCESS,37,10,37,PASSED,,
exp_036_web_transport_3des_cbc_1789043880,exp_036_web_transport_3des_cbc_1789043880.pcapng,raw_pcapng/exp_036_web_transport_3des_cbc_1789043880.pcapng,SUCCESS,18,1,18,PASSED,,
exp_037_web_tunnel_aes_gcm_16_256_1789043925,exp_037_web_tunnel_aes_gcm_16_256_1789043925.pcapng,raw_pcapng/exp_037_web_tunnel_aes_gcm_16_256_1789043925.pcapng,SUCCESS,65,10,65,PASSED,,
exp_038_web_transport_aes_gcm_16_128_1789043970,exp_038_web_transport_aes_gcm_16_128_1789043970.pcapng,raw_pcapng/exp_038_web_transport_aes_gcm_16_128_1789043970.pcapng,SUCCESS,20,3,20,PASSED,,
exp_039_web_tunnel_aes_cbc_256_1789044015,exp_039_web_tunnel_aes_cbc_256_1789044015.pcapng,raw_pcapng/exp_039_web_tunnel_aes_cbc_256_1789044015.pcapng,SUCCESS,22,8,22,PASSED,,
exp_040_web_transport_aes_cbc_128_1789044058,exp_040_web_transport_aes_cbc_128_1789044058.pcapng,raw_pcapng/exp_040_web_transport_aes_cbc_128_1789044058.pcapng,SUCCESS,42,3,42,PASSED,,
exp_041_web_tunnel_3des_cbc_1789044102,exp_041_web_tunnel_3des_cbc_1789044102.pcapng,raw_pcapng/exp_041_web_tunnel_3des_cbc_1789044102.pcapng,SUCCESS,24,9,24,PASSED,,
exp_042_web_transport_3des_cbc_1789044148,exp_042_web_transport_3des_cbc_1789044148.pcapng,raw_pcapng/exp_042_web_transport_3des_cbc_1789044148.pcapng,SUCCESS,27,2,27,PASSED,,
exp_043_web_tunnel_aes_gcm_16_256_1789044192,exp_043_web_tunnel_aes_gcm_16_256_1789044192.pcapng,raw_pcapng/exp_043_web_tunnel_aes_gcm_16_256_1789044192.pcapng,SUCCESS,69,10,69,PASSED,,
exp_044_web_transport_aes_gcm_16_128_1789044238,exp_044_web_transport_aes_gcm_16_128_1789044238.pcapng,raw_pcapng/exp_044_web_transport_aes_gcm_16_128_1789044238.pcapng,SUCCESS,14,3,14,PASSED,,
exp_045_web_tunnel_aes_cbc_256_1789044282,exp_045_web_tunnel_aes_cbc_256_1789044282.pcapng,raw_pcapng/exp_045_web_tunnel_aes_cbc_256_1789044282.pcapng,SUCCESS,16,7,16,PASSED,,
exp_046_chat_tunnel_aes_gcm_16_256_1789044324,exp_046_chat_tunnel_aes_gcm_16_256_1789044324.pcapng,raw_pcapng/exp_046_chat_tunnel_aes_gcm_16_256_1789044324.pcapng,SUCCESS,44,2,44,PASSED,,
exp_047_chat_transport_aes_gcm_16_128_1789044369,exp_047_chat_transport_aes_gcm_16_128_1789044369.pcapng,raw_pcapng/exp_047_chat_transport_aes_gcm_16_128_1789044369.pcapng,SUCCESS,20,3,20,PASSED,,
exp_048_chat_tunnel_aes_cbc_256_1789044412,exp_048_chat_tunnel_aes_cbc_256_1789044412.pcapng,raw_pcapng/exp_048_chat_tunnel_aes_cbc_256_1789044412.pcapng,SUCCESS,21,4,21,PASSED,,
exp_049_chat_transport_aes_cbc_128_1789044454,exp_049_chat_transport_aes_cbc_128_1789044454.pcapng,raw_pcapng/exp_049_chat_transport_aes_cbc_128_1789044454.pcapng,SUCCESS,34,3,34,PASSED,,
exp_050_chat_tunnel_3des_cbc_1789044498,exp_050_chat_tunnel_3des_cbc_1789044498.pcapng,raw_pcapng/exp_050_chat_tunnel_3des_cbc_1789044498.pcapng,SUCCESS,31,3,31,PASSED,,
exp_051_chat_transport_3des_cbc_1789044542,exp_051_chat_transport_3des_cbc_1789044542.pcapng,raw_pcapng/exp_051_chat_transport_3des_cbc_1789044542.pcapng,SUCCESS,10,1,10,PASSED,,
exp_052_chat_tunnel_aes_gcm_16_256_1789044584,exp_052_chat_tunnel_aes_gcm_16_256_1789044584.pcapng,raw_pcapng/exp_052_chat_tunnel_aes_gcm_16_256_1789044584.pcapng,SUCCESS,47,4,47,PASSED,,
exp_053_chat_transport_aes_gcm_16_128_1789044631,exp_053_chat_transport_aes_gcm_16_128_1789044631.pcapng,raw_pcapng/exp_053_chat_transport_aes_gcm_16_128_1789044631.pcapng,SUCCESS,14,3,14,PASSED,,
exp_054_chat_tunnel_aes_cbc_256_1789044675,exp_054_chat_tunnel_aes_cbc_256_1789044675.pcapng,raw_pcapng/exp_054_chat_tunnel_aes_cbc_256_1789044675.pcapng,SUCCESS,14,3,14,PASSED,,
exp_055_chat_transport_aes_cbc_128_1789044720,exp_055_chat_transport_aes_cbc_128_1789044720.pcapng,raw_pcapng/exp_055_chat_transport_aes_cbc_128_1789044720.pcapng,SUCCESS,42,3,42,PASSED,,
exp_056_chat_tunnel_3des_cbc_1789044765,exp_056_chat_tunnel_3des_cbc_1789044765.pcapng,raw_pcapng/exp_056_chat_tunnel_3des_cbc_1789044765.pcapng,SUCCESS,22,2,22,PASSED,,
exp_057_chat_transport_3des_cbc_1789044811,exp_057_chat_transport_3des_cbc_1789044811.pcapng,raw_pcapng/exp_057_chat_transport_3des_cbc_1789044811.pcapng,SUCCESS,29,2,29,PASSED,,
exp_058_chat_tunnel_aes_gcm_16_256_1789044855,exp_058_chat_tunnel_aes_gcm_16_256_1789044855.pcapng,raw_pcapng/exp_058_chat_tunnel_aes_gcm_16_256_1789044855.pcapng,SUCCESS,49,3,49,PASSED,,
exp_059_chat_transport_aes_gcm_16_128_1789044900,exp_059_chat_transport_aes_gcm_16_128_1789044900.pcapng,raw_pcapng/exp_059_chat_transport_aes_gcm_16_128_1789044900.pcapng,SUCCESS,20,3,20,PASSED,,
exp_060_chat_tunnel_aes_cbc_256_1789044947,exp_060_chat_tunnel_aes_cbc_256_1789044947.pcapng,raw_pcapng/exp_060_chat_tunnel_aes_cbc_256_1789044947.pcapng,SUCCESS,20,4,20,PASSED,,
exp_061_email_tunnel_aes_gcm_16_256_1789044991,exp_061_email_tunnel_aes_gcm_16_256_1789044991.pcapng,raw_pcapng/exp_061_email_tunnel_aes_gcm_16_256_1789044991.pcapng,SUCCESS,49,6,49,PASSED,,
exp_062_email_transport_aes_gcm_16_128_1789045035,exp_062_email_transport_aes_gcm_16_128_1789045035.pcapng,raw_pcapng/exp_062_email_transport_aes_gcm_16_128_1789045035.pcapng,SUCCESS,16,3,16,PASSED,,
exp_063_email_tunnel_aes_cbc_256_1789045080,exp_063_email_tunnel_aes_cbc_256_1789045080.pcapng,raw_pcapng/exp_063_email_tunnel_aes_cbc_256_1789045080.pcapng,SUCCESS,20,7,20,PASSED,,
exp_064_email_transport_aes_cbc_128_1789045123,exp_064_email_transport_aes_cbc_128_1789045123.pcapng,raw_pcapng/exp_064_email_transport_aes_cbc_128_1789045123.pcapng,SUCCESS,44,3,44,PASSED,,
exp_065_email_tunnel_3des_cbc_1789045168,exp_065_email_tunnel_3des_cbc_1789045168.pcapng,raw_pcapng/exp_065_email_tunnel_3des_cbc_1789045168.pcapng,SUCCESS,25,6,25,PASSED,,
exp_066_email_transport_3des_cbc_1789045214,exp_066_email_transport_3des_cbc_1789045214.pcapng,raw_pcapng/exp_066_email_transport_3des_cbc_1789045214.pcapng,SUCCESS,12,1,12,PASSED,,
exp_067_email_tunnel_aes_gcm_16_256_1789045261,exp_067_email_tunnel_aes_gcm_16_256_1789045261.pcapng,raw_pcapng/exp_067_email_tunnel_aes_gcm_16_256_1789045261.pcapng,SUCCESS,41,7,41,PASSED,,
exp_068_email_transport_aes_gcm_16_128_1789045304,exp_068_email_transport_aes_gcm_16_128_1789045304.pcapng,raw_pcapng/exp_068_email_transport_aes_gcm_16_128_1789045304.pcapng,SUCCESS,14,3,14,PASSED,,
exp_069_email_tunnel_aes_cbc_256_1789045347,exp_069_email_tunnel_aes_cbc_256_1789045347.pcapng,raw_pcapng/exp_069_email_tunnel_aes_cbc_256_1789045347.pcapng,SUCCESS,26,8,26,PASSED,,
exp_070_email_transport_aes_cbc_128_1789045393,exp_070_email_transport_aes_cbc_128_1789045393.pcapng,raw_pcapng/exp_070_email_transport_aes_cbc_128_1789045393.pcapng,SUCCESS,44,3,44,PASSED,,
exp_071_email_tunnel_3des_cbc_1789045437,exp_071_email_tunnel_3des_cbc_1789045437.pcapng,raw_pcapng/exp_071_email_tunnel_3des_cbc_1789045437.pcapng,SUCCESS,19,6,19,PASSED,,
exp_072_email_transport_3des_cbc_1789045483,exp_072_email_transport_3des_cbc_1789045483.pcapng,raw_pcapng/exp_072_email_transport_3des_cbc_1789045483.pcapng,SUCCESS,23,2,23,PASSED,,
exp_073_email_tunnel_aes_gcm_16_256_1789045529,exp_073_email_tunnel_aes_gcm_16_256_1789045529.pcapng,raw_pcapng/exp_073_email_tunnel_aes_gcm_16_256_1789045529.pcapng,SUCCESS,56,7,56,PASSED,,
exp_074_email_transport_aes_gcm_16_128_1789045574,exp_074_email_transport_aes_gcm_16_128_1789045574.pcapng,raw_pcapng/exp_074_email_transport_aes_gcm_16_128_1789045574.pcapng,SUCCESS,16,3,16,PASSED,,
exp_075_email_tunnel_aes_cbc_256_1789045617,exp_075_email_tunnel_aes_cbc_256_1789045617.pcapng,raw_pcapng/exp_075_email_tunnel_aes_cbc_256_1789045617.pcapng,SUCCESS,17,6,17,PASSED,,
exp_076_bulk_tunnel_aes_gcm_16_256_1789045661,exp_076_bulk_tunnel_aes_gcm_16_256_1789045661.pcapng,raw_pcapng/exp_076_bulk_tunnel_aes_gcm_16_256_1789045661.pcapng,SUCCESS,6,3,6,PASSED,,
exp_077_bulk_transport_aes_gcm_16_128_1789045697,exp_077_bulk_transport_aes_gcm_16_128_1789045697.pcapng,raw_pcapng/exp_077_bulk_transport_aes_gcm_16_128_1789045697.pcapng,SUCCESS,6,3,6,PASSED,,
exp_078_bulk_tunnel_aes_cbc_256_1789045733,exp_078_bulk_tunnel_aes_cbc_256_1789045733.pcapng,raw_pcapng/exp_078_bulk_tunnel_aes_cbc_256_1789045733.pcapng,SUCCESS,7,4,7,PASSED,,
exp_079_bulk_transport_aes_cbc_128_1789045768,exp_079_bulk_transport_aes_cbc_128_1789045768.pcapng,raw_pcapng/exp_079_bulk_transport_aes_cbc_128_1789045768.pcapng,SUCCESS,8,3,8,PASSED,,
exp_080_bulk_tunnel_3des_cbc_1789045804,exp_080_bulk_tunnel_3des_cbc_1789045804.pcapng,raw_pcapng/exp_080_bulk_tunnel_3des_cbc_1789045804.pcapng,SUCCESS,12,3,12,PASSED,,
exp_081_bulk_transport_3des_cbc_1789045841,exp_081_bulk_transport_3des_cbc_1789045841.pcapng,raw_pcapng/exp_081_bulk_transport_3des_cbc_1789045841.pcapng,SUCCESS,2,1,2,PASSED,,
exp_082_bulk_tunnel_aes_gcm_16_256_1789045877,exp_082_bulk_tunnel_aes_gcm_16_256_1789045877.pcapng,raw_pcapng/exp_082_bulk_tunnel_aes_gcm_16_256_1789045877.pcapng,SUCCESS,10,5,10,PASSED,,
exp_083_bulk_transport_aes_gcm_16_128_1789045913,exp_083_bulk_transport_aes_gcm_16_128_1789045913.pcapng,raw_pcapng/exp_083_bulk_transport_aes_gcm_16_128_1789045913.pcapng,SUCCESS,6,3,6,PASSED,,
exp_084_bulk_tunnel_aes_cbc_256_1789045949,exp_084_bulk_tunnel_aes_cbc_256_1789045949.pcapng,raw_pcapng/exp_084_bulk_tunnel_aes_cbc_256_1789045949.pcapng,SUCCESS,7,3,7,PASSED,,
exp_085_bulk_transport_aes_cbc_128_1789045985,exp_085_bulk_transport_aes_cbc_128_1789045985.pcapng,raw_pcapng/exp_085_bulk_transport_aes_cbc_128_1789045985.pcapng,SUCCESS,8,3,8,PASSED,,
exp_086_bulk_tunnel_3des_cbc_1789046021,exp_086_bulk_tunnel_3des_cbc_1789046021.pcapng,raw_pcapng/exp_086_bulk_tunnel_3des_cbc_1789046021.pcapng,SUCCESS,3,2,3,PASSED,,
exp_087_bulk_transport_3des_cbc_1789046057,exp_087_bulk_transport_3des_cbc_1789046057.pcapng,raw_pcapng/exp_087_bulk_transport_3des_cbc_1789046057.pcapng,SUCCESS,11,2,11,PASSED,,
exp_088_bulk_tunnel_aes_gcm_16_256_1789046093,exp_088_bulk_tunnel_aes_gcm_16_256_1789046093.pcapng,raw_pcapng/exp_088_bulk_tunnel_aes_gcm_16_256_1789046093.pcapng,SUCCESS,10,4,10,PASSED,,
exp_089_bulk_transport_aes_gcm_16_128_1789046131,exp_089_bulk_transport_aes_gcm_16_128_1789046131.pcapng,raw_pcapng/exp_089_bulk_transport_aes_gcm_16_128_1789046131.pcapng,SUCCESS,6,3,6,PASSED,,
exp_090_bulk_tunnel_aes_cbc_256_1789046167,exp_090_bulk_tunnel_aes_cbc_256_1789046167.pcapng,raw_pcapng/exp_090_bulk_tunnel_aes_cbc_256_1789046167.pcapng,SUCCESS,7,4,7,PASSED,,
exp_091_icmp_tunnel_aes_gcm_16_256_1789046203,exp_091_icmp_tunnel_aes_gcm_16_256_1789046203.pcapng,raw_pcapng/exp_091_icmp_tunnel_aes_gcm_16_256_1789046203.pcapng,SUCCESS,100,2,100,PASSED,,
exp_092_icmp_transport_aes_gcm_16_128_1789046245,exp_092_icmp_transport_aes_gcm_16_128_1789046245.pcapng,raw_pcapng/exp_092_icmp_transport_aes_gcm_16_128_1789046245.pcapng,SUCCESS,50,3,50,PASSED,,
exp_093_icmp_tunnel_aes_cbc_256_1789046288,exp_093_icmp_tunnel_aes_cbc_256_1789046288.pcapng,raw_pcapng/exp_093_icmp_tunnel_aes_cbc_256_1789046288.pcapng,SUCCESS,71,4,71,PASSED,,
exp_094_icmp_transport_aes_cbc_128_1789046331,exp_094_icmp_transport_aes_cbc_128_1789046331.pcapng,raw_pcapng/exp_094_icmp_transport_aes_cbc_128_1789046331.pcapng,SUCCESS,68,3,68,PASSED,,
exp_095_icmp_tunnel_3des_cbc_1789046374,exp_095_icmp_tunnel_3des_cbc_1789046374.pcapng,raw_pcapng/exp_095_icmp_tunnel_3des_cbc_1789046374.pcapng,SUCCESS,69,3,69,PASSED,,
exp_096_icmp_transport_3des_cbc_1789046422,exp_096_icmp_transport_3des_cbc_1789046422.pcapng,raw_pcapng/exp_096_icmp_transport_3des_cbc_1789046422.pcapng,SUCCESS,30,1,30,PASSED,,
exp_097_icmp_tunnel_aes_gcm_16_256_1789046465,exp_097_icmp_tunnel_aes_gcm_16_256_1789046465.pcapng,raw_pcapng/exp_097_icmp_tunnel_aes_gcm_16_256_1789046465.pcapng,SUCCESS,83,4,83,PASSED,,
exp_098_icmp_transport_aes_gcm_16_128_1789046509,exp_098_icmp_transport_aes_gcm_16_128_1789046509.pcapng,raw_pcapng/exp_098_icmp_transport_aes_gcm_16_128_1789046509.pcapng,SUCCESS,41,3,41,PASSED,,
exp_099_icmp_tunnel_aes_cbc_256_1789046553,exp_099_icmp_tunnel_aes_cbc_256_1789046553.pcapng,raw_pcapng/exp_099_icmp_tunnel_aes_cbc_256_1789046553.pcapng,SUCCESS,86,3,86,PASSED,,
exp_100_icmp_transport_aes_cbc_128_1789046595,exp_100_icmp_transport_aes_cbc_128_1789046595.pcapng,raw_pcapng/exp_100_icmp_transport_aes_cbc_128_1789046595.pcapng,SUCCESS,74,3,74,PASSED,,
exp_101_icmp_tunnel_3des_cbc_1789046639,exp_101_icmp_tunnel_3des_cbc_1789046639.pcapng,raw_pcapng/exp_101_icmp_tunnel_3des_cbc_1789046639.pcapng,SUCCESS,82,2,82,PASSED,,
exp_102_icmp_transport_3des_cbc_1789046683,exp_102_icmp_transport_3des_cbc_1789046683.pcapng,raw_pcapng/exp_102_icmp_transport_3des_cbc_1789046683.pcapng,SUCCESS,41,2,41,PASSED,,
exp_103_icmp_tunnel_aes_gcm_16_256_1789046725,exp_103_icmp_tunnel_aes_gcm_16_256_1789046725.pcapng,raw_pcapng/exp_103_icmp_tunnel_aes_gcm_16_256_1789046725.pcapng,SUCCESS,91,3,91,PASSED,,
exp_104_icmp_transport_aes_gcm_16_128_1789046768,exp_104_icmp_transport_aes_gcm_16_128_1789046768.pcapng,raw_pcapng/exp_104_icmp_transport_aes_gcm_16_128_1789046768.pcapng,SUCCESS,28,3,28,PASSED,,
exp_105_icmp_tunnel_aes_cbc_256_1789046811,exp_105_icmp_tunnel_aes_cbc_256_1789046811.pcapng,raw_pcapng/exp_105_icmp_tunnel_aes_cbc_256_1789046811.pcapng,SUCCESS,47,4,47,PASSED,,
exp_106_mixed_tunnel_aes_gcm_16_256_1789046857,exp_106_mixed_tunnel_aes_gcm_16_256_1789046857.pcapng,raw_pcapng/exp_106_mixed_tunnel_aes_gcm_16_256_1789046857.pcapng,SUCCESS,69,8,69,PASSED,,
exp_107_mixed_transport_aes_gcm_16_128_1789046907,exp_107_mixed_transport_aes_gcm_16_128_1789046907.pcapng,raw_pcapng/exp_107_mixed_transport_aes_gcm_16_128_1789046907.pcapng,SUCCESS,42,3,42,PASSED,,
exp_108_mixed_tunnel_aes_cbc_256_1789046954,exp_108_mixed_tunnel_aes_cbc_256_1789046954.pcapng,raw_pcapng/exp_108_mixed_tunnel_aes_cbc_256_1789046954.pcapng,SUCCESS,50,10,50,PASSED,,
exp_109_mixed_transport_aes_cbc_128_1789046999,exp_109_mixed_transport_aes_cbc_128_1789046999.pcapng,raw_pcapng/exp_109_mixed_transport_aes_cbc_128_1789046999.pcapng,SUCCESS,55,3,55,PASSED,,
exp_110_mixed_tunnel_3des_cbc_1789047044,exp_110_mixed_tunnel_3des_cbc_1789047044.pcapng,raw_pcapng/exp_110_mixed_tunnel_3des_cbc_1789047044.pcapng,SUCCESS,43,8,43,PASSED,,
exp_111_mixed_transport_3des_cbc_1789047087,exp_111_mixed_transport_3des_cbc_1789047087.pcapng,raw_pcapng/exp_111_mixed_transport_3des_cbc_1789047087.pcapng,SUCCESS,30,1,30,PASSED,,
exp_112_mixed_tunnel_aes_gcm_16_256_1789047132,exp_112_mixed_tunnel_aes_gcm_16_256_1789047132.pcapng,raw_pcapng/exp_112_mixed_tunnel_aes_gcm_16_256_1789047132.pcapng,SUCCESS,60,9,60,PASSED,,
exp_113_mixed_transport_aes_gcm_16_128_1789047175,exp_113_mixed_transport_aes_gcm_16_128_1789047175.pcapng,raw_pcapng/exp_113_mixed_transport_aes_gcm_16_128_1789047175.pcapng,SUCCESS,30,3,30,PASSED,,
exp_114_mixed_tunnel_aes_cbc_256_1789047220,exp_114_mixed_tunnel_aes_cbc_256_1789047220.pcapng,raw_pcapng/exp_114_mixed_tunnel_aes_cbc_256_1789047220.pcapng,SUCCESS,51,10,51,PASSED,,
exp_115_mixed_transport_aes_cbc_128_1789047266,exp_115_mixed_transport_aes_cbc_128_1789047266.pcapng,raw_pcapng/exp_115_mixed_transport_aes_cbc_128_1789047266.pcapng,SUCCESS,48,3,48,PASSED,,
exp_116_mixed_tunnel_3des_cbc_1789047310,exp_116_mixed_tunnel_3des_cbc_1789047310.pcapng,raw_pcapng/exp_116_mixed_tunnel_3des_cbc_1789047310.pcapng,SUCCESS,43,8,43,PASSED,,
exp_117_mixed_transport_3des_cbc_1789047354,exp_117_mixed_transport_3des_cbc_1789047354.pcapng,raw_pcapng/exp_117_mixed_transport_3des_cbc_1789047354.pcapng,SUCCESS,29,2,29,PASSED,,
exp_118_mixed_tunnel_aes_gcm_16_256_1789047398,exp_118_mixed_tunnel_aes_gcm_16_256_1789047398.pcapng,raw_pcapng/exp_118_mixed_tunnel_aes_gcm_16_256_1789047398.pcapng,SUCCESS,64,9,64,PASSED,,
exp_119_mixed_transport_aes_gcm_16_128_1789047442,exp_119_mixed_transport_aes_gcm_16_128_1789047442.pcapng,raw_pcapng/exp_119_mixed_transport_aes_gcm_16_128_1789047442.pcapng,SUCCESS,34,3,34,PASSED,,
exp_120_mixed_tunnel_aes_cbc_256_1789047488,exp_120_mixed_tunnel_aes_cbc_256_1789047488.pcapng,raw_pcapng/exp_120_mixed_tunnel_aes_cbc_256_1789047488.pcapng,SUCCESS,53,10,53,PASSED,,
ikev2_aes128gcm_dh14_transport_video_1789041798,ikev2_aes128gcm_dh14_transport_video_1789041798.pcapng,raw_pcapng/ikev2_aes128gcm_dh14_transport_video_1789041798.pcapng,SUCCESS,827,3,827,PASSED,,
ikev2_aes256gcm_dh14_tunnel_voip_1789041749,ikev2_aes256gcm_dh14_tunnel_voip_1789041749.pcapng,raw_pcapng/ikev2_aes256gcm_dh14_tunnel_voip_1789041749.pcapng,SUCCESS,435,4,435,PASSED,,
